Point_ID,Annotation,Region,X,Y,Z
0,0,0,23259,39718,0
1,0,0,23259,39661,0
2,0,0,23259,39547,0
3,0,0,23202,39433,0
4,0,0,23202,39318,0
5,0,0,23202,39204,0
6,0,0,23202,39147,0
7,0,0,23145,39033,0
8,0,0,23145,38918,0
9,0,0,23145,38804,0
10,0,0,23145,38690,0
11,0,0,23145,38575,0
12,0,0,23145,38518,0
13,0,0,23145,38461,0
14,0,0,23088,38290,0
15,0,0,23088,38233,0
16,0,0,23088,38118,0
17,0,0,23088,38061,0
18,0,0,23088,38004,0
19,0,0,23031,37947,0
20,0,0,23031,37833,0
21,0,0,23031,37775,0
22,0,0,23031,37661,0
23,0,0,22973,37547,0
24,0,0,22973,37490,0
25,0,0,22973,37375,0
26,0,0,22973,37318,0
27,0,0,22973,37147,0
28,0,0,22973,37032,0
29,0,0,22916,36975,0
30,0,0,22916,36918,0
31,0,0,22916,36804,0
32,0,0,22916,36747,0
33,0,0,22859,36632,0
34,0,0,22859,36575,0
35,0,0,22859,36518,0
36,0,0,22859,36404,0
37,0,0,22859,36289,0
38,0,0,22859,36232,0
39,0,0,22859,36118,0
40,0,0,22859,36004,0
41,0,0,22802,35832,0
42,0,0,22802,35775,0
43,0,0,22802,35718,0
44,0,0,22745,35604,0
45,0,0,22745,35547,0
46,0,0,22745,35489,0
47,0,0,22745,35432,0
48,0,0,22688,35375,0
49,0,0,22688,35318,0
50,0,0,22688,35261,0
51,0,0,22688,35147,0
52,0,0,22688,35089,0
53,0,0,22631,34975,0
54,0,0,22573,34918,0
55,0,0,22573,34804,0
56,0,0,22573,34746,0
57,0,0,22516,34746,0
58,0,0,22516,34689,0
59,0,0,22516,34575,0
60,0,0,22516,34461,0
61,0,0,22459,34346,0
62,0,0,22345,34232,0
63,0,0,22345,34175,0
64,0,0,22345,34118,0
65,0,0,22345,34061,0
66,0,0,22288,33946,0
67,0,0,22288,33889,0
68,0,0,22288,33832,0
69,0,0,22231,33832,0
70,0,0,22231,33718,0
71,0,0,22231,33661,0
72,0,0,22231,33546,0
73,0,0,22173,33546,0
74,0,0,22116,33432,0
75,0,0,22116,33375,0
76,0,0,22059,33318,0
77,0,0,22059,33261,0
78,0,0,22059,33146,0
79,0,0,22002,33146,0
80,0,0,22002,33032,0
81,0,0,21945,33032,0
82,0,0,21945,32918,0
83,0,0,21888,32803,0
84,0,0,21831,32689,0
85,0,0,21773,32689,0
86,0,0,21773,32575,0
87,0,0,21773,32518,0
88,0,0,21773,32461,0
89,0,0,21659,32346,0
90,0,0,21659,32289,0
91,0,0,21602,32289,0
92,0,0,21602,32232,0
93,0,0,21545,32175,0
94,0,0,21545,32118,0
95,0,0,21545,32060,0
96,0,0,21430,32003,0
97,0,0,21373,31946,0
98,0,0,21373,31889,0
99,0,0,21316,31889,0
100,0,0,21259,31775,0
101,0,0,21145,31660,0
102,0,0,21088,31603,0
103,0,0,21030,31546,0
104,0,0,20973,31489,0
105,0,0,20916,31375,0
106,0,0,20859,31375,0
107,0,0,20802,31318,0
108,0,0,20745,31260,0
109,0,0,20688,31203,0
110,0,0,20630,31146,0
111,0,0,20573,31089,0
112,0,0,20516,31089,0
113,0,0,20516,31032,0
114,0,0,20459,30975,0
115,0,0,20402,30975,0
116,0,0,20345,30917,0
117,0,0,20345,30860,0
118,0,0,20173,30860,0
119,0,0,20173,30803,0
120,0,0,20116,30746,0
121,0,0,19945,30689,0
122,0,0,19887,30689,0
123,0,0,19830,30632,0
124,0,0,19773,30575,0
125,0,0,19602,30517,0
126,0,0,19487,30460,0
127,0,0,19373,30403,0
128,0,0,19259,30346,0
129,0,0,19202,30289,0
130,0,0,19087,30289,0
131,0,0,18916,30232,0
132,0,0,18744,30175,0
133,0,0,18687,30117,0
134,0,0,18459,30060,0
135,0,0,18287,30003,0
136,0,0,18230,30003,0
137,0,0,18173,30003,0
138,0,0,18116,30003,0
139,0,0,18002,29946,0
140,0,0,17944,29946,0
141,0,0,17830,29889,0
142,0,0,17716,29832,0
143,0,0,17601,29832,0
144,0,0,17487,29775,0
145,0,0,17373,29775,0
146,0,0,17259,29775,0
147,0,0,17201,29775,0
148,0,0,17144,29775,0
149,0,0,17030,29775,0
150,0,0,16973,29775,0
151,0,0,16859,29717,0
152,0,0,16630,29717,0
153,0,0,16573,29717,0
154,0,0,16458,29717,0
155,0,0,16344,29717,0
156,0,0,16287,29717,0
157,0,0,16230,29717,0
158,0,0,16173,29717,0
159,0,0,16116,29717,0
160,0,0,16058,29717,0
161,0,0,16001,29717,0
162,0,0,15887,29717,0
163,0,0,15773,29717,0
164,0,0,15705,29735,0
165,0,0,15664,29747,0
166,0,0,15629,29764,0
167,0,0,15588,29770,0
168,0,0,15535,29776,0
169,0,0,15494,29782,0
170,0,0,15458,29794,0
171,0,0,15423,29800,0
172,0,0,15382,29805,0
173,0,0,15358,29811,0
174,0,0,15329,29823,0
175,0,0,15300,29835,0
176,0,0,15264,29841,0
177,0,0,15212,29858,0
178,0,0,15170,29864,0
179,0,0,15106,29876,0
180,0,0,15053,29888,0
181,0,0,15018,29894,0
182,0,0,14976,29905,0
183,0,0,14947,29917,0
184,0,0,14888,29929,0
185,0,0,14847,29941,0
186,0,0,14818,29941,0
187,0,0,14788,29947,0
188,0,0,14747,29958,0
189,0,0,14700,29964,0
190,0,0,14641,29970,0
191,0,0,14606,29976,0
192,0,0,14565,29982,0
193,0,0,14524,29988,0
194,0,0,14465,29988,0
195,0,0,14424,29994,0
196,0,0,14365,30005,0
197,0,0,14300,30011,0
198,0,0,14265,30017,0
199,0,0,14218,30023,0
200,0,0,14154,30029,0
201,0,0,14118,30041,0
202,0,0,14083,30041,0
203,0,0,14024,30046,0
204,0,0,13983,30052,0
205,0,0,13924,30058,0
206,0,0,13889,30064,0
207,0,0,13848,30070,0
208,0,0,13789,30082,0
209,0,0,13742,30088,0
210,0,0,13701,30093,0
211,0,0,13677,30099,0
212,0,0,13654,30105,0
213,0,0,13601,30117,0
214,0,0,13560,30129,0
215,0,0,13525,30135,0
216,0,0,13454,30152,0
217,0,0,13378,30164,0
218,0,0,13337,30170,0
219,0,0,13278,30176,0
220,0,0,13237,30182,0
221,0,0,13184,30193,0
222,0,0,13154,30193,0
223,0,0,13096,30205,0
224,0,0,13037,30211,0
225,0,0,13002,30217,0
226,0,0,12966,30223,0
227,0,0,12913,30240,0
228,0,0,12878,30252,0
229,0,0,12825,30270,0
230,0,0,12796,30276,0
231,0,0,12743,30287,0
232,0,0,12696,30305,0
233,0,0,12678,30311,0
234,0,0,12649,30317,0
235,0,0,12625,30334,0
236,0,0,12584,30352,0
237,0,0,12543,30364,0
238,0,0,12520,30376,0
239,0,0,12478,30393,0
240,0,0,12455,30405,0
241,0,0,12431,30417,0
242,0,0,12384,30434,0
243,0,0,12349,30452,0
244,0,0,12320,30464,0
245,0,0,12284,30481,0
246,0,0,12249,30511,0
247,0,0,12220,30523,0
248,0,0,12190,30552,0
249,0,0,12185,30570,0
250,0,0,12173,30581,0
251,0,0,12173,30599,0
252,0,0,12167,30611,0
253,0,0,12161,30617,0
254,0,0,12161,30628,0
255,0,0,12143,30681,0
256,0,0,12137,30711,0
257,0,0,12120,30752,0
258,0,0,12114,30781,0
259,0,0,12114,30793,0
260,0,0,12114,30805,0
261,0,0,12114,30816,0
262,0,0,12114,30828,0
263,0,0,12114,30858,0
264,0,0,12114,30875,0
265,0,0,12114,30899,0
266,0,0,12114,30916,0
267,0,0,12114,30940,0
268,0,0,12120,30969,0
269,0,0,12126,30987,0
270,0,0,12132,31004,0
271,0,0,12137,31034,0
272,0,0,12149,31052,0
273,0,0,12161,31081,0
274,0,0,12161,31099,0
275,0,0,12179,31122,0
276,0,0,12196,31140,0
277,0,0,12202,31157,0
278,0,0,12214,31169,0
279,0,0,12232,31187,0
280,0,0,12261,31222,0
281,0,0,12290,31251,0
282,0,0,12308,31275,0
283,0,0,12337,31293,0
284,0,0,12361,31322,0
285,0,0,12384,31345,0
286,0,0,12396,31363,0
287,0,0,12414,31392,0
288,0,0,12431,31404,0
289,0,0,12443,31416,0
290,0,0,12461,31439,0
291,0,0,12473,31457,0
292,0,0,12484,31475,0
293,0,0,12496,31492,0
294,0,0,12525,31528,0
295,0,0,12567,31569,0
296,0,0,12596,31604,0
297,0,0,12637,31645,0
298,0,0,12708,31710,0
299,0,0,12808,31792,0
300,0,0,12872,31845,0
301,0,0,12902,31874,0
302,0,0,12925,31910,0
303,0,0,12949,31945,0
304,0,0,12978,31992,0
305,0,0,13002,32015,0
306,0,0,13019,32045,0
307,0,0,13025,32062,0
308,0,0,13037,32074,0
309,0,0,13043,32080,0
310,0,0,13043,32086,0
311,0,0,13043,32092,0
312,0,0,13060,32104,0
313,0,0,13066,32104,0
314,0,0,13090,32110,0
315,0,0,13113,32127,0
316,0,0,13154,32157,0
317,0,0,13195,32198,0
318,0,0,13290,32286,0
319,0,0,13372,32362,0
320,0,0,13431,32415,0
321,0,0,13460,32450,0
322,0,0,13472,32468,0
323,0,0,13483,32492,0
324,0,0,13495,32521,0
325,0,0,13513,32550,0
326,0,0,13542,32597,0
327,0,0,13589,32650,0
328,0,0,13619,32686,0
329,0,0,13677,32744,0
330,0,0,13713,32780,0
331,0,0,13736,32803,0
332,0,0,13742,32821,0
333,0,0,13754,32827,0
334,0,0,13766,32850,0
335,0,0,13783,32868,0
336,0,0,13807,32891,0
337,0,0,13824,32909,0
338,0,0,13848,32938,0
339,0,0,13866,32956,0
340,0,0,13895,32979,0
341,0,0,13924,33015,0
342,0,0,13936,33026,0
343,0,0,13942,33032,0
344,0,0,13948,33038,0
345,0,0,13944,33032,0
346,0,0,13944,33146,0
347,0,0,14001,33203,0
348,0,0,14058,33318,0
349,0,0,14115,33375,0
350,0,0,14173,33432,0
351,0,0,14230,33489,0
352,0,0,14230,33546,0
353,0,0,14230,33603,0
354,0,0,14344,33661,0
355,0,0,14344,33718,0
356,0,0,14401,33718,0
357,0,0,14458,33775,0
358,0,0,14458,33832,0
359,0,0,14515,33889,0
360,0,0,14573,33946,0
361,0,0,14573,34004,0
362,0,0,14630,34004,0
363,0,0,14687,34061,0
364,0,0,14687,34118,0
365,0,0,14687,34175,0
366,0,0,14744,34175,0
367,0,0,14744,34232,0
368,0,0,14801,34289,0
369,0,0,14801,34346,0
370,0,0,14858,34404,0
371,0,0,14915,34461,0
372,0,0,14915,34518,0
373,0,0,14973,34575,0
374,0,0,15030,34632,0
375,0,0,15030,34689,0
376,0,0,15087,34746,0
377,0,0,15144,34746,0
378,0,0,15144,34804,0
379,0,0,15157,34835,0
380,0,0,15157,34845,0
381,0,0,15179,34856,0
382,0,0,15211,34898,0
383,0,0,15232,34909,0
384,0,0,15253,34941,0
385,0,0,15264,34952,0
386,0,0,15275,34962,0
387,0,0,15275,34973,0
388,0,0,15285,34994,0
389,0,0,15296,35005,0
390,0,0,15307,35016,0
391,0,0,15307,35026,0
392,0,0,15328,35048,0
393,0,0,15328,35058,0
394,0,0,15339,35069,0
395,0,0,15349,35080,0
396,0,0,15360,35101,0
397,0,0,15371,35112,0
398,0,0,15381,35122,0
399,0,0,15392,35144,0
400,0,0,15403,35154,0
401,0,0,15424,35186,0
402,0,0,15435,35197,0
403,0,0,15445,35208,0
404,0,0,15467,35208,0
405,0,0,15467,35229,0
406,0,0,15477,35229,0
407,0,0,15488,35250,0
408,0,0,15499,35261,0
409,0,0,15520,35282,0
410,0,0,15541,35282,0
411,0,0,15552,35304,0
412,0,0,15563,35314,0
413,0,0,15584,35325,0
414,0,0,15594,35336,0
415,0,0,15616,35346,0
416,0,0,15616,35357,0
417,0,0,15626,35357,0
418,0,0,15637,35357,0
419,0,0,15658,35367,0
420,0,0,15669,35367,0
421,0,0,15680,35378,0
422,0,0,15690,35378,0
423,0,0,15701,35378,0
424,0,0,15712,35378,0
425,0,0,15722,35378,0
426,0,0,15733,35378,0
427,0,0,15744,35378,0
428,0,0,15765,35378,0
429,0,0,15776,35378,0
430,0,0,15797,35367,0
431,0,0,15818,35357,0
432,0,0,15829,35357,0
433,0,0,15840,35357,0
434,0,0,15850,35357,0
435,0,0,15872,35357,0
436,0,0,15872,35346,0
437,0,0,15882,35346,0
438,0,0,15893,35346,0
439,0,0,15914,35336,0
440,0,0,15925,35325,0
441,0,0,15936,35325,0
442,0,0,15957,35325,0
443,0,0,15978,35314,0
444,0,0,15989,35304,0
445,0,0,16010,35304,0
446,0,0,16032,35293,0
447,0,0,16042,35282,0
448,0,0,16063,35261,0
449,0,0,16074,35261,0
450,0,0,16085,35250,0
451,0,0,16095,35240,0
452,0,0,16117,35240,0
453,0,0,16117,35229,0
454,0,0,16138,35229,0
455,0,0,16138,35208,0
456,0,0,16149,35208,0
457,0,0,16159,35208,0
458,0,0,16170,35197,0
459,0,0,16181,35197,0
460,0,0,16181,35186,0
461,0,0,16191,35186,0
462,0,0,16191,35176,0
463,0,0,16202,35176,0
464,0,0,16213,35165,0
465,0,0,16223,35165,0
466,0,0,16223,35154,0
467,0,0,16234,35144,0
468,0,0,16255,35144,0
469,0,0,16255,35133,0
470,0,0,16266,35133,0
471,0,0,16277,35122,0
472,0,0,16298,35112,0
473,0,0,16319,35101,0
474,0,0,16341,35101,0
475,0,0,16341,35090,0
476,0,0,16351,35090,0
477,0,0,16362,35080,0
478,0,0,16394,35069,0
479,0,0,16415,35069,0
480,0,0,16426,35058,0
481,0,0,16458,35048,0
482,0,0,16469,35037,0
483,0,0,16479,35037,0
484,0,0,16490,35037,0
485,0,0,16511,35026,0
486,0,0,16511,35016,0
487,0,0,16532,35016,0
488,0,0,16543,35016,0
489,0,0,16564,35005,0
490,0,0,16575,34994,0
491,0,0,16586,34984,0
492,0,0,16607,34984,0
493,0,0,16618,34973,0
494,0,0,16639,34962,0
495,0,0,16660,34962,0
496,0,0,16671,34962,0
497,0,0,16692,34952,0
498,0,0,16724,34952,0
499,0,0,16724,34941,0
500,0,0,16746,34941,0
501,0,0,16756,34941,0
502,0,0,16756,34930,0
503,0,0,16767,34920,0
504,0,0,16788,34920,0
505,0,0,16810,34909,0
506,0,0,16820,34909,0
507,0,0,16831,34898,0
508,0,0,16852,34888,0
509,0,0,16863,34888,0
510,0,0,16884,34888,0
511,0,0,16884,34877,0
512,0,0,16906,34877,0
513,0,0,16916,34867,0
514,0,0,16927,34867,0
515,0,0,16948,34856,0
516,0,0,16959,34845,0
517,0,0,16970,34845,0
518,0,0,16980,34845,0
519,0,0,16980,34835,0
520,0,0,16991,34835,0
521,0,0,17001,34835,0
522,0,0,17012,34824,0
523,0,0,17023,34824,0
524,0,0,17033,34813,0
525,0,0,17044,34813,0
526,0,0,17065,34803,0
527,0,0,17076,34803,0
528,0,0,17087,34803,0
529,0,0,17097,34792,0
530,0,0,17108,34781,0
531,0,0,17108,34771,0
532,0,0,17129,34771,0
533,0,0,17140,34771,0
534,0,0,17151,34760,0
535,0,0,17161,34760,0
536,0,0,17183,34749,0
537,0,0,17193,34749,0
538,0,0,17225,34749,0
539,0,0,17236,34739,0
540,0,0,17247,34728,0
541,0,0,17257,34728,0
542,0,0,17268,34728,0
543,0,0,17289,34728,0
544,0,0,17300,34728,0
545,0,0,17311,34717,0
546,0,0,17321,34717,0
547,0,0,17332,34707,0
548,0,0,17353,34707,0
549,0,0,17364,34707,0
550,0,0,17375,34707,0
551,0,0,17385,34707,0
552,0,0,17396,34707,0
553,0,0,17407,34707,0
554,0,0,17417,34707,0
555,0,0,17428,34696,0
556,0,0,17439,34696,0
557,0,0,17449,34696,0
558,0,0,17460,34696,0
559,0,0,17470,34696,0
560,0,0,17481,34696,0
561,0,0,17502,34696,0
562,0,0,17513,34696,0
563,0,0,17524,34696,0
564,0,0,17534,34696,0
565,0,0,17545,34696,0
566,0,0,17566,34696,0
567,0,0,17577,34696,0
568,0,0,17598,34707,0
569,0,0,17620,34707,0
570,0,0,17630,34707,0
571,0,0,17641,34707,0
572,0,0,17652,34717,0
573,0,0,17662,34717,0
574,0,0,17673,34717,0
575,0,0,17684,34717,0
576,0,0,17694,34717,0
577,0,0,17726,34728,0
578,0,0,17737,34728,0
579,0,0,17748,34728,0
580,0,0,17758,34728,0
581,0,0,17769,34728,0
582,0,0,17780,34728,0
583,0,0,17790,34728,0
584,0,0,17801,34728,0
585,0,0,17812,34728,0
586,0,0,17822,34728,0
587,0,0,17833,34728,0
588,0,0,17865,34728,0
589,0,0,17876,34728,0
590,0,0,17918,34728,0
591,0,0,17950,34728,0
592,0,0,17982,34728,0
593,0,0,18003,34728,0
594,0,0,18046,34728,0
595,0,0,18057,34728,0
596,0,0,18078,34728,0
597,0,0,18099,34728,0
598,0,0,18110,34728,0
599,0,0,18131,34728,0
600,0,0,18142,34728,0
601,0,0,18163,34728,0
602,0,0,18185,34728,0
603,0,0,18195,34728,0
604,0,0,18227,34728,0
605,0,0,18238,34728,0
606,0,0,18249,34728,0
607,0,0,18259,34728,0
608,0,0,18281,34728,0
609,0,0,18291,34728,0
610,0,0,18323,34728,0
611,0,0,18345,34728,0
612,0,0,18366,34728,0
613,0,0,18377,34728,0
614,0,0,18398,34728,0
615,0,0,18409,34728,0
616,0,0,18430,34728,0
617,0,0,18451,34728,0
618,0,0,18462,34717,0
619,0,0,18472,34717,0
620,0,0,18483,34717,0
621,0,0,18504,34717,0
622,0,0,18515,34717,0
623,0,0,18547,34717,0
624,0,0,18547,34707,0
625,0,0,18568,34707,0
626,0,0,18590,34707,0
627,0,0,18611,34696,0
628,0,0,18622,34696,0
629,0,0,18643,34696,0
630,0,0,18654,34696,0
631,0,0,18686,34685,0
632,0,0,18686,34675,0
633,0,0,18707,34675,0
634,0,0,18718,34675,0
635,0,0,18739,34664,0
636,0,0,18760,34664,0
637,0,0,18771,34653,0
638,0,0,18782,34653,0
639,0,0,18803,34643,0
640,0,0,18814,34643,0
641,0,0,18846,34643,0
642,0,0,18846,34632,0
643,0,0,18867,34632,0
644,0,0,18878,34621,0
645,0,0,18899,34621,0
646,0,0,18909,34621,0
647,0,0,18920,34611,0
648,0,0,18941,34611,0
649,0,0,18952,34600,0
650,0,0,18973,34600,0
651,0,0,18984,34600,0
652,0,0,18995,34600,0
653,0,0,19005,34589,0
654,0,0,19016,34579,0
655,0,0,19027,34579,0
656,0,0,19048,34579,0
657,0,0,19059,34579,0
658,0,0,19069,34568,0
659,0,0,19091,34557,0
660,0,0,19112,34557,0
661,0,0,19123,34557,0
662,0,0,19144,34547,0
663,0,0,19155,34547,0
664,0,0,19165,34547,0
665,0,0,19176,34547,0
666,0,0,19187,34547,0
667,0,0,19197,34547,0
668,0,0,19208,34547,0
669,0,0,19208,34557,0
670,0,0,19208,34568,0
671,0,0,19208,34579,0
672,0,0,19208,34589,0
673,0,0,19208,34600,0
674,0,0,19208,34611,0
675,0,0,19208,34621,0
676,0,0,19208,34632,0
677,0,0,19197,34632,0
678,0,0,19197,34643,0
679,0,0,19187,34653,0
680,0,0,19176,34664,0
681,0,0,19176,34675,0
682,0,0,19165,34675,0
683,0,0,19155,34685,0
684,0,0,19144,34685,0
685,0,0,19133,34696,0
686,0,0,19123,34707,0
687,0,0,19101,34707,0
688,0,0,19080,34707,0
689,0,0,19048,34717,0
690,0,0,19037,34728,0
691,0,0,19027,34728,0
692,0,0,19016,34739,0
693,0,0,19005,34739,0
694,0,0,18995,34739,0
695,0,0,18963,34760,0
696,0,0,18952,34760,0
697,0,0,18941,34760,0
698,0,0,18909,34771,0
699,0,0,18909,34781,0
700,0,0,18888,34781,0
701,0,0,18888,34792,0
702,0,0,18878,34792,0
703,0,0,18856,34803,0
704,0,0,18856,34813,0
705,0,0,18846,34813,0
706,0,0,18824,34835,0
707,0,0,18814,34835,0
708,0,0,18792,34856,0
709,0,0,18782,34856,0
710,0,0,18771,34867,0
711,0,0,18760,34877,0
712,0,0,18750,34877,0
713,0,0,18739,34888,0
714,0,0,18718,34898,0
715,0,0,18707,34898,0
716,0,0,18686,34909,0
717,0,0,18654,34920,0
718,0,0,18643,34930,0
719,0,0,18622,34930,0
720,0,0,18611,34941,0
721,0,0,18600,34952,0
722,0,0,18568,34962,0
723,0,0,18558,34962,0
724,0,0,18536,34984,0
725,0,0,18515,34994,0
726,0,0,18504,35005,0
727,0,0,18483,35016,0
728,0,0,18462,35026,0
729,0,0,18440,35048,0
730,0,0,18419,35058,0
731,0,0,18409,35058,0
732,0,0,18398,35080,0
733,0,0,18377,35080,0
734,0,0,18355,35090,0
735,0,0,18334,35101,0
736,0,0,18313,35112,0
737,0,0,18281,35122,0
738,0,0,18259,35133,0
739,0,0,18227,35144,0
740,0,0,18206,35154,0
741,0,0,18195,35165,0
742,0,0,18174,35165,0
743,0,0,18153,35176,0
744,0,0,18142,35176,0
745,0,0,18121,35197,0
746,0,0,18110,35197,0
747,0,0,18089,35208,0
748,0,0,18067,35218,0
749,0,0,18057,35218,0
750,0,0,18035,35229,0
751,0,0,18014,35229,0
752,0,0,18003,35240,0
753,0,0,17982,35250,0
754,0,0,17961,35261,0
755,0,0,17929,35272,0
756,0,0,17908,35272,0
757,0,0,17897,35282,0
758,0,0,17876,35293,0
759,0,0,17854,35304,0
760,0,0,17844,35314,0
761,0,0,17833,35325,0
762,0,0,17812,35325,0
763,0,0,17790,35346,0
764,0,0,17780,35346,0
765,0,0,17758,35357,0
766,0,0,17758,35378,0
767,0,0,17737,35378,0
768,0,0,17726,35389,0
769,0,0,17716,35399,0
770,0,0,17705,35410,0
771,0,0,17684,35421,0
772,0,0,17662,35442,0
773,0,0,17652,35453,0
774,0,0,17641,35453,0
775,0,0,17627,35455,0
776,0,0,17604,35478,0
777,0,0,17592,35490,0
778,0,0,17586,35502,0
779,0,0,17569,35519,0
780,0,0,17557,35531,0
781,0,0,17533,35555,0
782,0,0,17516,35566,0
783,0,0,17492,35590,0
784,0,0,17481,35608,0
785,0,0,17457,35619,0
786,0,0,17439,35643,0
787,0,0,17422,35660,0
788,0,0,17398,35678,0
789,0,0,17381,35690,0
790,0,0,17363,35713,0
791,0,0,17351,35725,0
792,0,0,17339,35737,0
793,0,0,17328,35749,0
794,0,0,17316,35766,0
795,0,0,17304,35778,0
796,0,0,17298,35790,0
797,0,0,17281,35807,0
798,0,0,17275,35825,0
799,0,0,17263,35843,0
800,0,0,17257,35854,0
801,0,0,17240,35872,0
802,0,0,17228,35896,0
803,0,0,17210,35913,0
804,0,0,17198,35937,0
805,0,0,17181,35960,0
806,0,0,17157,35984,0
807,0,0,17140,36001,0
808,0,0,17122,36025,0
809,0,0,17098,36042,0
810,0,0,17081,36060,0
811,0,0,17063,36078,0
812,0,0,17034,36101,0
813,0,0,17010,36113,0
814,0,0,16993,36125,0
815,0,0,16963,36136,0
816,0,0,16934,36154,0
817,0,0,16910,36172,0
818,0,0,16881,36178,0
819,0,0,16869,36195,0
820,0,0,16863,36207,0
821,0,0,16852,36219,0
822,0,0,16846,36231,0
823,0,0,16840,36236,0
824,0,0,16840,36242,0
825,0,0,16834,36248,0
826,0,0,16810,36289,0
827,0,0,16810,36295,0
828,0,0,16805,36301,0
829,0,0,16799,36301,0
830,0,0,16799,36307,0
831,0,0,16793,36313,0
832,0,0,16787,36330,0
833,0,0,16781,36336,0
834,0,0,16769,36348,0
835,0,0,16758,36366,0
836,0,0,16752,36377,0
837,0,0,16740,36383,0
838,0,0,16734,36395,0
839,0,0,16728,36401,0
840,0,0,16722,36413,0
841,0,0,16716,36425,0
842,0,0,16705,36430,0
843,0,0,16687,36448,0
844,0,0,16681,36454,0
845,0,0,16669,36460,0
846,0,0,16658,36477,0
847,0,0,16646,36483,0
848,0,0,16640,36495,0
849,0,0,16622,36519,0
850,0,0,16599,36536,0
851,0,0,16581,36554,0
852,0,0,16564,36577,0
853,0,0,16540,36589,0
854,0,0,16534,36607,0
855,0,0,16517,36618,0
856,0,0,16499,36642,0
857,0,0,16481,36654,0
858,0,0,16470,36665,0
859,0,0,16452,36683,0
860,0,0,16440,36695,0
861,0,0,16423,36713,0
862,0,0,16405,36724,0
863,0,0,16381,36742,0
864,0,0,16358,36760,0
865,0,0,16340,36771,0
866,0,0,16323,36783,0
867,0,0,16299,36801,0
868,0,0,16281,36807,0
869,0,0,16258,36818,0
870,0,0,16240,36836,0
871,0,0,16223,36848,0
872,0,0,16211,36859,0
873,0,0,16187,36865,0
874,0,0,16164,36883,0
875,0,0,16140,36901,0
876,0,0,16123,36906,0
877,0,0,16123,36895,0
878,0,0,16117,36901,0
879,0,0,16105,36906,0
880,0,0,16093,36918,0
881,0,0,16070,36924,0
882,0,0,16058,36942,0
883,0,0,16040,36953,0
884,0,0,16023,36965,0
885,0,0,15999,36977,0
886,0,0,15982,36995,0
887,0,0,15958,37006,0
888,0,0,15923,37030,0
889,0,0,15905,37042,0
890,0,0,15888,37053,0
891,0,0,15870,37065,0
892,0,0,15847,37077,0
893,0,0,15811,37100,0
894,0,0,15776,37124,0
895,0,0,15752,37142,0
896,0,0,15735,37147,0
897,0,0,15723,37153,0
898,0,0,15723,37164,0
899,0,0,15699,37182,0
900,0,0,15652,37206,0
901,0,0,15634,37217,0
902,0,0,15605,37235,0
903,0,0,15576,37247,0
904,0,0,15558,37253,0
905,0,0,15534,37270,0
906,0,0,15511,37282,0
907,0,0,15499,37294,0
908,0,0,15487,37300,0
909,0,0,15476,37317,0
910,0,0,15464,37323,0
911,0,0,15452,37341,0
912,0,0,15440,37347,0
913,0,0,15435,37358,0
914,0,0,15423,37370,0
915,0,0,15393,37394,0
916,0,0,15376,37411,0
917,0,0,15358,37429,0
918,0,0,15352,37441,0
919,0,0,15335,37458,0
920,0,0,15311,37476,0
921,0,0,15311,37488,0
922,0,0,15293,37499,0
923,0,0,15282,37511,0
924,0,0,15276,37523,0
925,0,0,15258,37552,0
926,0,0,15246,37558,0
927,0,0,15229,37582,0
928,0,0,15217,37599,0
929,0,0,15205,37611,0
930,0,0,15194,37635,0
931,0,0,15188,37646,0
932,0,0,15176,37664,0
933,0,0,15170,37676,0
934,0,0,15158,37699,0
935,0,0,15158,37711,0
936,0,0,15147,37740,0
937,0,0,15141,37752,0
938,0,0,15135,37782,0
939,0,0,15129,37787,0
940,0,0,15129,37817,0
941,0,0,15123,37840,0
942,0,0,15117,37852,0
943,0,0,15117,37887,0
944,0,0,15111,37899,0
945,0,0,15111,37929,0
946,0,0,15111,37946,0
947,0,0,15111,37970,0
948,0,0,15111,37987,0
949,0,0,15111,38005,0
950,0,0,15111,38017,0
951,0,0,15111,38023,0
952,0,0,15117,38040,0
953,0,0,15117,38058,0
954,0,0,15117,38076,0
955,0,0,15117,38128,0
956,0,0,15117,38170,0
957,0,0,15117,38187,0
958,0,0,15117,38199,0
959,0,0,15117,38205,0
960,0,0,15117,38222,0
961,0,0,15117,38234,0
962,0,0,15117,38240,0
963,0,0,15117,38258,0
964,0,0,15117,38269,0
965,0,0,15105,38293,0
966,0,0,15099,38305,0
967,0,0,15094,38328,0
968,0,0,15088,38352,0
969,0,0,15076,38375,0
970,0,0,15064,38393,0
971,0,0,15064,38405,0
972,0,0,15052,38416,0
973,0,0,15041,38428,0
974,0,0,15041,38440,0
975,0,0,15035,38452,0
976,0,0,15035,38463,0
977,0,0,15029,38481,0
978,0,0,15023,38499,0
979,0,0,15023,38510,0
980,0,0,15017,38522,0
981,0,0,15011,38534,0
982,0,0,15005,38552,0
983,0,0,15000,38569,0
984,0,0,14994,38587,0
985,0,0,14994,38599,0
986,0,0,14994,38616,0
987,0,0,14994,38634,0
988,0,0,14994,38640,0
989,0,0,14988,38657,0
990,0,0,14988,38663,0
991,0,0,14988,38681,0
992,0,0,14988,38699,0
993,0,0,14988,38710,0
994,0,0,14988,38722,0
995,0,0,14988,38734,0
996,0,0,14988,38751,0
997,0,0,14994,38769,0
998,0,0,14994,38775,0
999,0,0,15000,38787,0
1000,0,0,15005,38804,0
1001,0,0,15017,38816,0
1002,0,0,15017,38828,0
1003,0,0,15023,38840,0
1004,0,0,15029,38851,0
1005,0,0,15035,38863,0
1006,0,0,15041,38875,0
1007,0,0,15052,38887,0
1008,0,0,15052,38893,0
1009,0,0,15058,38904,0
1010,0,0,15064,38916,0
1011,0,0,15070,38916,0
1012,0,0,15088,38940,0
1013,0,0,15099,38957,0
1014,0,0,15105,38969,0
1015,0,0,15123,38998,0
1016,0,0,15147,39016,0
1017,0,0,15164,39045,0
1018,0,0,15176,39057,0
1019,0,0,15199,39075,0
1020,0,0,15205,39086,0
1021,0,0,15229,39104,0
1022,0,0,15246,39122,0
1023,0,0,15258,39128,0
1024,0,0,15270,39151,0
1025,0,0,15293,39169,0
1026,0,0,15305,39181,0
1027,0,0,15329,39204,0
1028,0,0,15352,39222,0
1029,0,0,15364,39228,0
1030,0,0,15393,39245,0
1031,0,0,15411,39269,0
1032,0,0,15429,39269,0
1033,0,0,15464,39292,0
1034,0,0,15487,39310,0
1035,0,0,15505,39316,0
1036,0,0,15529,39327,0
1037,0,0,15558,39345,0
1038,0,0,15576,39351,0
1039,0,0,15599,39363,0
1040,0,0,15623,39374,0
1041,0,0,15634,39380,0
1042,0,0,15670,39410,0
1043,0,0,15700,39421,0
1044,0,0,15723,39433,0
1045,0,0,15729,39439,0
1046,0,0,15747,39451,0
1047,0,0,15758,39463,0
1048,0,0,15770,39468,0
1049,0,0,15782,39492,0
1050,0,0,15788,39492,0
1051,0,0,15805,39510,0
1052,0,0,15835,39539,0
1053,0,0,15858,39562,0
1054,0,0,15888,39586,0
1055,0,0,15911,39604,0
1056,0,0,15935,39621,0
1057,0,0,15970,39639,0
1058,0,0,15982,39651,0
1059,0,0,16017,39674,0
1060,0,0,16046,39692,0
1061,0,0,16070,39709,0
1062,0,0,16105,39733,0
1063,0,0,16146,39762,0
1064,0,0,16176,39780,0
1065,0,0,16199,39792,0
1066,0,0,16223,39809,0
1067,0,0,16246,39827,0
1068,0,0,16258,39833,0
1069,0,0,16282,39856,0
1070,0,0,16317,39880,0
1071,0,0,16346,39903,0
1072,0,0,16376,39921,0
1073,0,0,16387,39927,0
1074,0,0,16417,39950,0
1075,0,0,16440,39968,0
1076,0,0,16458,39974,0
1077,0,0,16487,39997,0
1078,0,0,16511,40009,0
1079,0,0,16540,40021,0
1080,0,0,16540,40015,0
1081,0,0,16570,40009,0
1082,0,0,16593,40021,0
1083,0,0,16611,40021,0
1084,0,0,16634,40039,0
1085,0,0,16664,40050,0
1086,0,0,16681,40062,0
1087,0,0,16705,40074,0
1088,0,0,16734,40091,0
1089,0,0,16740,40097,0
1090,0,0,16769,40103,0
1091,0,0,16787,40115,0
1092,0,0,16811,40127,0
1093,0,0,16822,40127,0
1094,0,0,16846,40138,0
1095,0,0,16858,40144,0
1096,0,0,16869,40150,0
1097,0,0,16881,40150,0
1098,0,0,16893,40162,0
1099,0,0,16899,40162,0
1100,0,0,16910,40168,0
1101,0,0,16922,40168,0
1102,0,0,16928,40168,0
1103,0,0,16934,40168,0
1104,0,0,16940,40174,0
1105,0,0,16952,40180,0
1106,0,0,16963,40180,0
1107,0,0,16969,40180,0
1108,0,0,16981,40180,0
1109,0,0,16987,40180,0
1110,0,0,16999,40186,0
1111,0,0,17004,40186,0
1112,0,0,17016,40186,0
1113,0,0,17022,40191,0
1114,0,0,17028,40191,0
1115,0,0,17034,40191,0
1116,0,0,17040,40191,0
1117,0,0,17052,40191,0
1118,0,0,17057,40191,0
1119,0,0,17069,40191,0
1120,0,0,17075,40191,0
1121,0,0,17081,40191,0
1122,0,0,17087,40186,0
1123,0,0,17099,40186,0
1124,0,0,17099,40180,0
1125,0,0,17116,40174,0
1126,0,0,17134,40168,0
1127,0,0,17140,40156,0
1128,0,0,17146,40156,0
1129,0,0,17157,40150,0
1130,0,0,17169,40144,0
1131,0,0,17175,40144,0
1132,0,0,17187,40133,0
1133,0,0,17198,40127,0
1134,0,0,17204,40121,0
1135,0,0,17222,40115,0
1136,0,0,17234,40103,0
1137,0,0,17251,40091,0
1138,0,0,17257,40086,0
1139,0,0,17275,40074,0
1140,0,0,17287,40068,0
1141,0,0,17304,40062,0
1142,0,0,17322,40056,0
1143,0,0,17328,40056,0
1144,0,0,17340,40050,0
1145,0,0,17363,40044,0
1146,0,0,17387,40039,0
1147,0,0,17416,40033,0
1148,0,0,17445,40021,0
1149,0,0,17463,40015,0
1150,0,0,17486,39997,0
1151,0,0,17516,39992,0
1152,0,0,17533,39992,0
1153,0,0,17545,39986,0
1154,0,0,17551,39986,0
1155,0,0,17557,39986,0
1156,0,0,17563,39980,0
1157,0,0,17575,39980,0
1158,0,0,17592,39980,0
1159,0,0,17616,39974,0
1160,0,0,17628,39974,0
1161,0,0,17651,39962,0
1162,0,0,17680,39950,0
1163,0,0,17692,39950,0
1164,0,0,17704,39950,0
1165,0,0,17710,39945,0
1166,0,0,17722,39945,0
1167,0,0,17739,39939,0
1168,0,0,17751,39939,0
1169,0,0,17763,39939,0
1170,0,0,17774,39939,0
1171,0,0,17786,39939,0
1172,0,0,17804,39939,0
1173,0,0,17827,39939,0
1174,0,0,17839,39945,0
1175,0,0,17857,39950,0
1176,0,0,17874,39962,0
1177,0,0,17886,39968,0
1178,0,0,17904,39980,0
1179,0,0,17927,39997,0
1180,0,0,17951,40009,0
1181,0,0,17957,40015,0
1182,0,0,17974,40027,0
1183,0,0,17992,40033,0
1184,0,0,18004,40050,0
1185,0,0,18010,40056,0
1186,0,0,18021,40068,0
1187,0,0,18033,40086,0
1188,0,0,18045,40097,0
1189,0,0,18057,40115,0
1190,0,0,18086,40144,0
1191,0,0,18098,40162,0
1192,0,0,18121,40174,0
1193,0,0,18127,40197,0
1194,0,0,18139,40215,0
1195,0,0,18151,40227,0
1196,0,0,18157,40244,0
1197,0,0,18168,40250,0
1198,0,0,18168,40256,0
1199,0,0,18168,40268,0
1200,0,0,18204,40338,0
1201,0,0,18215,40356,0
1202,0,0,18221,40374,0
1203,0,0,18233,40385,0
1204,0,0,18245,40391,0
1205,0,0,18251,40391,0
1206,0,0,18256,40403,0
1207,0,0,18268,40403,0
1208,0,0,18280,40409,0
1209,0,0,18292,40415,0
1210,0,0,18303,40415,0
1211,0,0,18327,40415,0
1212,0,0,18339,40421,0
1213,0,0,18356,40421,0
1214,0,0,18368,40421,0
1215,0,0,18380,40426,0
1216,0,0,18398,40426,0
1217,0,0,18421,40426,0
1218,0,0,18445,40426,0
1219,0,0,18474,40432,0
1220,0,0,18503,40438,0
1221,0,0,18515,40438,0
1222,0,0,18539,40438,0
1223,0,0,18568,40444,0
1224,0,0,18597,40444,0
1225,0,0,18621,40450,0
1226,0,0,18650,40456,0
1227,0,0,18674,40456,0
1228,0,0,18703,40462,0
1229,0,0,18733,40468,0
1230,0,0,18768,40468,0
1231,0,0,18803,40468,0
1232,0,0,18827,40474,0
1233,0,0,18856,40474,0
1234,0,0,18897,40479,0
1235,0,0,18932,40479,0
1236,0,0,18962,40479,0
1237,0,0,18997,40479,0
1238,0,0,19026,40479,0
1239,0,0,19050,40479,0
1240,0,0,19073,40479,0
1241,0,0,19097,40479,0
1242,0,0,19126,40479,0
1243,0,0,19150,40479,0
1244,0,0,19173,40474,0
1245,0,0,19197,40474,0
1246,0,0,19226,40474,0
1247,0,0,19262,40468,0
1248,0,0,19297,40462,0
1249,0,0,19332,40456,0
1250,0,0,19391,40450,0
1251,0,0,19426,40444,0
1252,0,0,19456,40438,0
1253,0,0,19508,40432,0
1254,0,0,19597,40421,0
1255,0,0,19632,40415,0
1256,0,0,19679,40409,0
1257,0,0,19720,40403,0
1258,0,0,19749,40397,0
1259,0,0,19779,40397,0
1260,0,0,19808,40397,0
1261,0,0,19843,40397,0
1262,0,0,19873,40397,0
1263,0,0,19914,40397,0
1264,0,0,19949,40391,0
1265,0,0,20008,40385,0
1266,0,0,20037,40385,0
1267,0,0,20067,40385,0
1268,0,0,20096,40385,0
1269,0,0,20108,40385,0
1270,0,0,20120,40385,0
1271,0,0,20131,40385,0
1272,0,0,20149,40385,0
1273,0,0,20167,40391,0
1274,0,0,20190,40397,0
1275,0,0,20214,40403,0
1276,0,0,20231,40415,0
1277,0,0,20255,40421,0
1278,0,0,20273,40426,0
1279,0,0,20290,40432,0
1280,0,0,20308,40438,0
1281,0,0,20320,40438,0
1282,0,0,20325,40450,0
1283,0,0,20337,40450,0
1284,0,0,20349,40456,0
1285,0,0,20367,40468,0
1286,0,0,20384,40468,0
1287,0,0,20402,40479,0
1288,0,0,20419,40491,0
1289,0,0,20443,40497,0
1290,0,0,20466,40503,0
1291,0,0,20478,40503,0
1292,0,0,20490,40515,0
1293,0,0,20502,40515,0
1294,0,0,20519,40521,0
1295,0,0,20531,40526,0
1296,0,0,20549,40526,0
1297,0,0,20566,40532,0
1298,0,0,20578,40544,0
1299,0,0,20602,40550,0
1300,0,0,20619,40562,0
1301,0,0,20643,40568,0
1302,0,0,20649,40573,0
1303,0,0,20684,40609,0
1304,0,0,20672,40603,0
1305,0,0,20643,40597,0
1306,0,0,20637,40591,0
1307,0,0,20631,40591,0
1308,0,0,20619,40585,0
1309,0,0,20613,40585,0
1310,0,0,20608,40585,0
1311,0,0,20602,40573,0
1312,0,0,20596,40573,0
1313,0,0,20590,40568,0
1314,0,0,20584,40568,0
1315,0,0,20578,40562,0
1316,0,0,20566,40556,0
1317,0,0,20561,40550,0
1318,0,0,20555,40544,0
1319,0,0,20549,40544,0
1320,0,0,20543,40538,0
1321,0,0,20537,40538,0
1322,0,0,20531,40532,0
1323,0,0,20525,40532,0
1324,0,0,20513,40532,0
1325,0,0,20496,40532,0
1326,0,0,20484,40532,0
1327,0,0,20449,40532,0
1328,0,0,20419,40532,0
1329,0,0,20390,40532,0
1330,0,0,20372,40532,0
1331,0,0,20343,40532,0
1332,0,0,20308,40538,0
1333,0,0,20278,40538,0
1334,0,0,20243,40544,0
1335,0,0,20202,40556,0
1336,0,0,20184,40556,0
1337,0,0,20161,40562,0
1338,0,0,20131,40573,0
1339,0,0,20120,40573,0
1340,0,0,20090,40585,0
1341,0,0,20073,40597,0
1342,0,0,20055,40603,0
1343,0,0,20032,40609,0
1344,0,0,20014,40620,0
1345,0,0,19979,40620,0
1346,0,0,19955,40626,0
1347,0,0,19908,40632,0
1348,0,0,19885,40638,0
1349,0,0,19855,40650,0
1350,0,0,19826,40656,0
1351,0,0,19791,40667,0
1352,0,0,19726,40685,0
1353,0,0,19644,40697,0
1354,0,0,19544,40726,0
1355,0,0,19456,40750,0
1356,0,0,19367,40791,0
1357,0,0,19291,40814,0
1358,0,0,19232,40832,0
1359,0,0,19197,40844,0
1360,0,0,19150,40856,0
1361,0,0,19073,40867,0
1362,0,0,19038,40873,0
1363,0,0,18997,40879,0
1364,0,0,18979,40879,0
1365,0,0,18962,40879,0
1366,0,0,18956,40879,0
1367,0,0,18932,40891,0
1368,0,0,18903,40891,0
1369,0,0,18874,40891,0
1370,0,0,18821,40891,0
1371,0,0,18791,40891,0
1372,0,0,18768,40891,0
1373,0,0,18727,40891,0
1374,0,0,18709,40891,0
1375,0,0,18680,40891,0
1376,0,0,18644,40891,0
1377,0,0,18562,40897,0
1378,0,0,18515,40903,0
1379,0,0,18468,40903,0
1380,0,0,18421,40903,0
1381,0,0,18386,40903,0
1382,0,0,18356,40903,0
1383,0,0,18327,40903,0
1384,0,0,18309,40903,0
1385,0,0,18286,40903,0
1386,0,0,18251,40903,0
1387,0,0,18221,40897,0
1388,0,0,18192,40897,0
1389,0,0,18139,40891,0
1390,0,0,18110,40885,0
1391,0,0,18080,40885,0
1392,0,0,18051,40879,0
1393,0,0,18027,40873,0
1394,0,0,17998,40873,0
1395,0,0,17968,40873,0
1396,0,0,17951,40873,0
1397,0,0,17927,40873,0
1398,0,0,17910,40873,0
1399,0,0,17874,40873,0
1400,0,0,17851,40873,0
1401,0,0,17827,40873,0
1402,0,0,17810,40873,0
1403,0,0,17792,40873,0
1404,0,0,17757,40879,0
1405,0,0,17716,40891,0
1406,0,0,17645,40914,0
1407,0,0,17610,40914,0
1408,0,0,17575,40920,0
1409,0,0,17528,40920,0
1410,0,0,17510,40926,0
1411,0,0,17498,40926,0
1412,0,0,17457,40950,0
1413,0,0,17428,40955,0
1414,0,0,17404,40955,0
1415,0,0,17375,40955,0
1416,0,0,17345,40955,0
1417,0,0,17322,40955,0
1418,0,0,17269,40955,0
1419,0,0,17234,40955,0
1420,0,0,17210,40955,0
1421,0,0,17181,40955,0
1422,0,0,17151,40955,0
1423,0,0,17134,40955,0
1424,0,0,17110,40955,0
1425,0,0,17075,40950,0
1426,0,0,17040,40938,0
1427,0,0,17010,40932,0
1428,0,0,17010,40921,0
1429,0,0,17004,40915,0
1430,0,0,16999,40915,0
1431,0,0,16999,40909,0
1432,0,0,16993,40909,0
1433,0,0,16987,40903,0
1434,0,0,16975,40897,0
1435,0,0,16969,40892,0
1436,0,0,16946,40880,0
1437,0,0,16899,40850,0
1438,0,0,16852,40815,0
1439,0,0,16810,40786,0
1440,0,0,16781,40762,0
1441,0,0,16758,40745,0
1442,0,0,16746,40727,0
1443,0,0,16734,40715,0
1444,0,0,16722,40703,0
1445,0,0,16711,40686,0
1446,0,0,16693,40674,0
1447,0,0,16675,40656,0
1448,0,0,16658,40633,0
1449,0,0,16646,40621,0
1450,0,0,16616,40586,0
1451,0,0,16593,40568,0
1452,0,0,16569,40545,0
1453,0,0,16558,40533,0
1454,0,0,16540,40515,0
1455,0,0,16522,40509,0
1456,0,0,16511,40492,0
1457,0,0,16499,40480,0
1458,0,0,16493,40468,0
1459,0,0,16475,40451,0
1460,0,0,16452,40439,0
1461,0,0,16417,40410,0
1462,0,0,16381,40386,0
1463,0,0,16346,40368,0
1464,0,0,16311,40345,0
1465,0,0,16276,40327,0
1466,0,0,16240,40310,0
1467,0,0,16199,40292,0
1468,0,0,16158,40274,0
1469,0,0,16117,40257,0
1470,0,0,16093,40245,0
1471,0,0,16064,40233,0
1472,0,0,16035,40221,0
1473,0,0,15999,40210,0
1474,0,0,15970,40192,0
1475,0,0,15952,40186,0
1476,0,0,15929,40174,0
1477,0,0,15899,40169,0
1478,0,0,15876,40163,0
1479,0,0,15858,40151,0
1480,0,0,15829,40151,0
1481,0,0,15817,40145,0
1482,0,0,15782,40133,0
1483,0,0,15752,40127,0
1484,0,0,15723,40116,0
1485,0,0,15688,40110,0
1486,0,0,15653,40098,0
1487,0,0,15635,40092,0
1488,0,0,15606,40086,0
1489,0,0,15576,40086,0
1490,0,0,15553,40075,0
1491,0,0,15529,40075,0
1492,0,0,15511,40075,0
1493,0,0,15488,40075,0
1494,0,0,15464,40075,0
1495,0,0,15453,40075,0
1496,0,0,15435,40075,0
1497,0,0,15417,40075,0
1498,0,0,15412,40069,0
1499,0,0,15394,40069,0
1500,0,0,15376,40069,0
1501,0,0,15365,40069,0
1502,0,0,15353,40069,0
1503,0,0,15347,40069,0
1504,0,0,15341,40069,0
1505,0,0,15335,40063,0
1506,0,0,15335,40057,0
1507,0,0,15335,40051,0
1508,0,0,15335,40039,0
1509,0,0,15335,40028,0
1510,0,0,15335,40022,0
1511,0,0,15335,40016,0
1512,0,0,15335,40004,0
1513,0,0,15335,39998,0
1514,0,0,15335,39986,0
1515,0,0,15335,39981,0
1516,0,0,15335,39975,0
1517,0,0,15341,39963,0
1518,0,0,15341,39951,0
1519,0,0,15341,39939,0
1520,0,0,15335,39922,0
1521,0,0,15335,39916,0
1522,0,0,15329,39910,0
1523,0,0,15323,39898,0
1524,0,0,15318,39886,0
1525,0,0,15306,39875,0
1526,0,0,15288,39857,0
1527,0,0,15276,39851,0
1528,0,0,15270,39839,0
1529,0,0,15265,39828,0
1530,0,0,15253,39822,0
1531,0,0,15241,39810,0
1532,0,0,15229,39798,0
1533,0,0,15223,39792,0
1534,0,0,15212,39775,0
1535,0,0,15188,39769,0
1536,0,0,15176,39757,0
1537,0,0,15159,39745,0
1538,0,0,15141,39734,0
1539,0,0,15129,39716,0
1540,0,0,15118,39710,0
1541,0,0,15106,39698,0
1542,0,0,15094,39687,0
1543,0,0,15082,39681,0
1544,0,0,15077,39675,0
1545,0,0,15065,39663,0
1546,0,0,15053,39657,0
1547,0,0,15047,39651,0
1548,0,0,15035,39651,0
1549,0,0,15024,39645,0
1550,0,0,15018,39640,0
1551,0,0,14988,39628,0
1552,0,0,14959,39622,0
1553,0,0,14953,39622,0
1554,0,0,14935,39622,0
1555,0,0,14930,39622,0
1556,0,0,14912,39616,0
1557,0,0,14883,39610,0
1558,0,0,14871,39604,0
1559,0,0,14853,39598,0
1560,0,0,14841,39598,0
1561,0,0,14830,39598,0
1562,0,0,14818,39598,0
1563,0,0,14800,39598,0
1564,0,0,14783,39598,0
1565,0,0,14771,39598,0
1566,0,0,14759,39598,0
1567,0,0,14747,39598,0
1568,0,0,14741,39598,0
1569,0,0,14724,39598,0
1570,0,0,14706,39598,0
1571,0,0,14694,39598,0
1572,0,0,14683,39593,0
1573,0,0,14677,39593,0
1574,0,0,14659,39593,0
1575,0,0,14642,39587,0
1576,0,0,14636,39581,0
1577,0,0,14624,39581,0
1578,0,0,14618,39581,0
1579,0,0,14612,39581,0
1580,0,0,14606,39575,0
1581,0,0,14595,39575,0
1582,0,0,14589,39575,0
1583,0,0,14571,39569,0
1584,0,0,14553,39563,0
1585,0,0,14542,39563,0
1586,0,0,14530,39563,0
1587,0,0,14524,39563,0
1588,0,0,14512,39557,0
1589,0,0,14500,39557,0
1590,0,0,14489,39551,0
1591,0,0,14459,39540,0
1592,0,0,14430,39528,0
1593,0,0,14406,39516,0
1594,0,0,14377,39504,0
1595,0,0,14348,39493,0
1596,0,0,14336,39487,0
1597,0,0,14307,39475,0
1598,0,0,14289,39463,0
1599,0,0,14260,39457,0
1600,0,0,14230,39440,0
1601,0,0,14195,39428,0
1602,0,0,14189,39422,0
1603,0,0,14165,39410,0
1604,0,0,14148,39399,0
1605,0,0,14130,39393,0
1606,0,0,14118,39387,0
1607,0,0,14089,39375,0
1608,0,0,14060,39363,0
1609,0,0,14036,39352,0
1610,0,0,14013,39340,0
1611,0,0,13972,39322,0
1612,0,0,13942,39310,0
1613,0,0,13907,39299,0
1614,0,0,13883,39281,0
1615,0,0,13866,39269,0
1616,0,0,13848,39258,0
1617,0,0,13836,39252,0
1618,0,0,13819,39240,0
1619,0,0,13801,39234,0
1620,0,0,13783,39222,0
1621,0,0,13766,39216,0
1622,0,0,13742,39199,0
1623,0,0,13731,39193,0
1624,0,0,13707,39181,0
1625,0,0,13695,39169,0
1626,0,0,13672,39158,0
1627,0,0,13648,39146,0
1628,0,0,13631,39140,0
1629,0,0,13601,39122,0
1630,0,0,13572,39111,0
1631,0,0,13548,39099,0
1632,0,0,13525,39093,0
1633,0,0,13495,39081,0
1634,0,0,13478,39075,0
1635,0,0,13460,39064,0
1636,0,0,13443,39058,0
1637,0,0,13419,39052,0
1638,0,0,13401,39040,0
1639,0,0,13378,39034,0
1640,0,0,13366,39022,0
1641,0,0,13343,39017,0
1642,0,0,13331,39011,0
1643,0,0,13313,38999,0
1644,0,0,13301,38999,0
1645,0,0,13278,38987,0
1646,0,0,13266,38981,0
1647,0,0,13254,38981,0
1648,0,0,13231,38975,0
1649,0,0,13219,38975,0
1650,0,0,13196,38975,0
1651,0,0,13184,38975,0
1652,0,0,13166,38975,0
1653,0,0,13149,38975,0
1654,0,0,13137,38975,0
1655,0,0,13119,38975,0
1656,0,0,13107,38975,0
1657,0,0,13096,38975,0
1658,0,0,13084,38981,0
1659,0,0,13078,38981,0
1660,0,0,13060,38981,0
1661,0,0,13049,38981,0
1662,0,0,13031,38987,0
1663,0,0,13013,38987,0
1664,0,0,13008,38993,0
1665,0,0,13001,38987,0
1666,0,0,12989,38993,0
1667,0,0,12901,39069,0
1668,0,0,12848,39110,0
1669,0,0,12825,39134,0
1670,0,0,12801,39157,0
1671,0,0,12790,39175,0
1672,0,0,12766,39193,0
1673,0,0,12743,39216,0
1674,0,0,12707,39257,0
1675,0,0,12666,39299,0
1676,0,0,12637,39334,0
1677,0,0,12602,39381,0
1678,0,0,12578,39410,0
1679,0,0,12555,39457,0
1680,0,0,12525,39504,0
1681,0,0,12507,39551,0
1682,0,0,12478,39616,0
1683,0,0,12455,39669,0
1684,0,0,12425,39734,0
1685,0,0,12402,39792,0
1686,0,0,12372,39845,0
1687,0,0,12349,39904,0
1688,0,0,12325,39939,0
1689,0,0,12314,39969,0
1690,0,0,12314,39980,0
1691,0,0,12314,39986,0
1692,0,0,12314,39992,0
1693,0,0,12255,40121,0
1694,0,0,12237,40157,0
1695,0,0,12225,40198,0
1696,0,0,12208,40233,0
1697,0,0,12196,40263,0
1698,0,0,12172,40304,0
1699,0,0,12161,40351,0
1700,0,0,12137,40404,0
1701,0,0,12120,40439,0
1702,0,0,12102,40498,0
1703,0,0,12090,40551,0
1704,0,0,12078,40592,0
1705,0,0,12067,40633,0
1706,0,0,12061,40674,0
1707,0,0,12055,40727,0
1708,0,0,12037,40768,0
1709,0,0,12037,40821,0
1710,0,0,12031,40874,0
1711,0,0,12020,40921,0
1712,0,0,12002,40974,0
1713,0,0,11996,41015,0
1714,0,0,11984,41056,0
1715,0,0,11978,41080,0
1716,0,0,11978,41091,0
1717,0,0,11973,41121,0
1718,0,0,11967,41150,0
1719,0,0,11967,41156,0
1720,0,0,11967,41168,0
1721,0,0,11967,41179,0
1722,0,0,11967,41185,0
1723,0,0,11967,41209,0
1724,0,0,11967,41232,0
1725,0,0,11967,41273,0
1726,0,0,11967,41332,0
1727,0,0,11967,41368,0
1728,0,0,11973,41426,0
1729,0,0,11978,41467,0
1730,0,0,11996,41509,0
1731,0,0,12014,41544,0
1732,0,0,12043,41585,0
1733,0,0,12073,41620,0
1734,0,0,12108,41650,0
1735,0,0,12161,41673,0
1736,0,0,12202,41697,0
1737,0,0,12231,41714,0
1738,0,0,12272,41720,0
1739,0,0,12308,41732,0
1740,0,0,12355,41744,0
1741,0,0,12443,41773,0
1742,0,0,12525,41802,0
1743,0,0,12572,41814,0
1744,0,0,12666,41844,0
1745,0,0,12701,41855,0
1746,0,0,12731,41861,0
1747,0,0,12772,41873,0
1748,0,0,12831,41897,0
1749,0,0,12895,41926,0
1750,0,0,12960,41938,0
1751,0,0,13019,41955,0
1752,0,0,13066,41973,0
1753,0,0,13113,41985,0
1754,0,0,13148,41996,0
1755,0,0,13219,42014,0
1756,0,0,13336,42043,0
1757,0,0,13530,42079,0
1758,0,0,13577,42085,0
1759,0,0,13630,42090,0
1760,0,0,13665,42102,0
1761,0,0,13707,42102,0
1762,0,0,13736,42102,0
1763,0,0,13777,42114,0
1764,0,0,13806,42120,0
1765,0,0,13842,42126,0
1766,0,0,13865,42132,0
1767,0,0,13883,42132,0
1768,0,0,13895,42138,0
1769,0,0,13918,42149,0
1770,0,0,13936,42149,0
1771,0,0,13971,42161,0
1772,0,0,14012,42173,0
1773,0,0,14047,42179,0
1774,0,0,14089,42190,0
1775,0,0,14130,42196,0
1776,0,0,14183,42202,0
1777,0,0,14230,42208,0
1778,0,0,14259,42208,0
1779,0,0,14300,42208,0
1780,0,0,14318,42214,0
1781,0,0,14341,42214,0
1782,0,0,14388,42214,0
1783,0,0,14441,42214,0
1784,0,0,14506,42208,0
1785,0,0,14553,42208,0
1786,0,0,14606,42208,0
1787,0,0,14653,42214,0
1788,0,0,14700,42220,0
1789,0,0,14753,42220,0
1790,0,0,14782,42226,0
1791,0,0,14806,42226,0
1792,0,0,14864,42226,0
1793,0,0,14900,42232,0
1794,0,0,14947,42237,0
1795,0,0,15000,42237,0
1796,0,0,15041,42243,0
1797,0,0,15082,42249,0
1798,0,0,15129,42255,0
1799,0,0,15182,42267,0
1800,0,0,15235,42273,0
1801,0,0,15294,42284,0
1802,0,0,15352,42284,0
1803,0,0,15399,42284,0
1804,0,0,15429,42284,0
1805,0,0,15440,42284,0
1806,0,0,15452,42284,0
1807,0,0,15470,42284,0
1808,0,0,15499,42284,0
1809,0,0,15540,42284,0
1810,0,0,15570,42279,0
1811,0,0,15599,42273,0
1812,0,0,15634,42267,0
1813,0,0,15670,42267,0
1814,0,0,15711,42267,0
1815,0,0,15746,42267,0
1816,0,0,15775,42267,0
1817,0,0,15805,42261,0
1818,0,0,15840,42261,0
1819,0,0,15858,42261,0
1820,0,0,15870,42255,0
1821,0,0,15887,42255,0
1822,0,0,15893,42255,0
1823,0,0,15905,42255,0
1824,0,0,15944,42233,0
1825,0,0,16001,42233,0
1826,0,0,16058,42233,0
1827,0,0,16230,42233,0
1828,0,0,16344,42233,0
1829,0,0,16516,42233,0
1830,0,0,16573,42233,0
1831,0,0,16630,42233,0
1832,0,0,16687,42233,0
1833,0,0,16801,42233,0
1834,0,0,16892,42238,0
1835,0,0,16934,42238,0
1836,0,0,16963,42238,0
1837,0,0,16992,42238,0
1838,0,0,17034,42238,0
1839,0,0,17075,42238,0
1840,0,0,17122,42238,0
1841,0,0,17169,42238,0
1842,0,0,17204,42238,0
1843,0,0,17251,42238,0
1844,0,0,17286,42238,0
1845,0,0,17339,42232,0
1846,0,0,17392,42226,0
1847,0,0,17439,42220,0
1848,0,0,17480,42220,0
1849,0,0,17527,42220,0
1850,0,0,17574,42220,0
1851,0,0,17615,42220,0
1852,0,0,17662,42214,0
1853,0,0,17704,42214,0
1854,0,0,17745,42208,0
1855,0,0,17804,42203,0
1856,0,0,17833,42197,0
1857,0,0,17886,42191,0
1858,0,0,17950,42185,0
1859,0,0,17986,42179,0
1860,0,0,18039,42173,0
1861,0,0,18074,42173,0
1862,0,0,18103,42173,0
1863,0,0,18133,42173,0
1864,0,0,18162,42173,0
1865,0,0,18227,42173,0
1866,0,0,18291,42173,0
1867,0,0,18362,42173,0
1868,0,0,18432,42173,0
1869,0,0,18491,42173,0
1870,0,0,18550,42173,0
1871,0,0,18579,42173,0
1872,0,0,18632,42173,0
1873,0,0,18685,42179,0
1874,0,0,18720,42179,0
1875,0,0,18779,42179,0
1876,0,0,18838,42179,0
1877,0,0,18897,42179,0
1878,0,0,18950,42167,0
1879,0,0,18985,42161,0
1880,0,0,19050,42155,0
1881,0,0,19097,42150,0
1882,0,0,19138,42144,0
1883,0,0,19202,42132,0
1884,0,0,19285,42126,0
1885,0,0,19338,42120,0
1886,0,0,19402,42120,0
1887,0,0,19473,42120,0
1888,0,0,19508,42120,0
1889,0,0,19590,42120,0
1890,0,0,19667,42120,0
1891,0,0,19790,42120,0
1892,0,0,19890,42120,0
1893,0,0,19972,42120,0
1894,0,0,20002,42120,0
1895,0,0,20078,42114,0
1896,0,0,20131,42108,0
1897,0,0,20219,42103,0
1898,0,0,20296,42091,0
1899,0,0,20319,42090,0
1900,0,0,20354,42084,0
1901,0,0,20407,42073,0
1902,0,0,20454,42073,0
1903,0,0,20501,42067,0
1904,0,0,20583,42055,0
1905,0,0,20648,42049,0
1906,0,0,20683,42049,0
1907,0,0,20724,42043,0
1908,0,0,20807,42037,0
1909,0,0,20871,42037,0
1910,0,0,20954,42037,0
1911,0,0,21006,42037,0
1912,0,0,21071,42031,0
1913,0,0,21136,42026,0
1914,0,0,21230,42026,0
1915,0,0,21312,42026,0
1916,0,0,21412,42026,0
1917,0,0,21483,42026,0
1918,0,0,21553,42026,0
1919,0,0,21606,42026,0
1920,0,0,21677,42026,0
1921,0,0,21741,42026,0
1922,0,0,21806,42026,0
1923,0,0,21888,42026,0
1924,0,0,21941,42020,0
1925,0,0,21982,42020,0
1926,0,0,22029,42014,0
1927,0,0,22100,42002,0
1928,0,0,22176,41996,0
1929,0,0,22217,41990,0
1930,0,0,22264,41978,0
1931,0,0,22305,41978,0
1932,0,0,22388,41967,0
1933,0,0,22423,41955,0
1934,0,0,22470,41943,0
1935,0,0,22558,41920,0
1936,0,0,22629,41902,0
1937,0,0,22693,41884,0
1938,0,0,22752,41873,0
1939,0,0,22793,41855,0
1940,0,0,22858,41843,0
1941,0,0,22899,41826,0
1942,0,0,22940,41814,0
1943,0,0,22987,41808,0
1944,0,0,23011,41802,0
1945,0,0,23034,41790,0
1946,0,0,23046,41785,0
1947,0,0,23058,41773,0
1948,0,0,23070,41761,0
1949,0,0,23081,41749,0
1950,0,0,23093,41714,0
1951,0,0,23105,41696,0
1952,0,0,23117,41685,0
1953,0,0,23128,41655,0
1954,0,0,23140,41632,0
1955,0,0,23152,41602,0
1956,0,0,23169,41579,0
1957,0,0,23187,41555,0
1958,0,0,23199,41532,0
1959,0,0,23211,41491,0
1960,0,0,23211,41467,0
1961,0,0,23217,41432,0
1962,0,0,23222,41402,0
1963,0,0,23222,41367,0
1964,0,0,23222,41338,0
1965,0,0,23222,41320,0
1966,0,0,23228,41314,0
1967,0,0,23228,41297,0
1968,0,0,23234,41191,0
1969,0,0,23252,41144,0
1970,0,0,23258,41109,0
1971,0,0,23258,41091,0
1972,0,0,23269,41062,0
1973,0,0,23281,41020,0
1974,0,0,23287,40968,0
1975,0,0,23293,40921,0
1976,0,0,23299,40885,0
1977,0,0,23299,40844,0
1978,0,0,23299,40815,0
1979,0,0,23299,40762,0
1980,0,0,23293,40697,0
1981,0,0,23287,40644,0
1982,0,0,23281,40585,0
1983,0,0,23275,40544,0
1984,0,0,23264,40491,0
1985,0,0,23258,40450,0
1986,0,0,23252,40403,0
1987,0,0,23252,40362,0
1988,0,0,23252,40333,0
1989,0,0,23252,40297,0
1990,0,0,23252,40239,0
1991,0,0,23252,40198,0
1992,0,0,23252,40168,0
1993,0,0,23252,40145,0
1994,0,0,23258,40121,0
1995,0,0,23275,40074,0
1996,0,0,23281,40004,0
1997,0,0,23287,39957,0
1998,0,0,23293,39939,0
1999,0,0,23299,39927,0
2000,0,0,23299,39910,0
2001,0,0,23299,39892,0
2002,0,0,23305,39874,0
2003,0,0,23305,39851,0
2004,0,0,23305,39839,0
2005,0,0,23311,39821,0
2006,0,0,23311,39810,0
2007,0,0,23311,39792,0
2008,0,0,23311,39780,0
2009,0,0,23311,39768,0
2010,0,0,23311,39757,0
2011,0,0,23311,39751,0
2012,0,0,23259,39718,0
2013,0,1,12357,31083,0
2014,0,1,12355,31083,0
2015,0,1,12351,31083,0
2016,0,1,12349,31083,0
2017,0,1,12347,31083,0
2018,0,1,12344,31083,0
2019,0,1,12344,31085,0
2020,0,1,12342,31085,0
2021,0,1,12340,31085,0
2022,0,1,12340,31087,0
2023,0,1,12338,31087,0
2024,0,1,12338,31090,0
2025,0,1,12336,31090,0
2026,0,1,12336,31092,0
2027,0,1,12336,31094,0
2028,0,1,12336,31096,0
2029,0,1,12336,31098,0
2030,0,1,12336,31100,0
2031,0,1,12336,31102,0
2032,0,1,12336,31105,0
2033,0,1,12336,31107,0
2034,0,1,12336,31109,0
2035,0,1,12336,31111,0
2036,0,1,12338,31113,0
2037,0,1,12338,31115,0
2038,0,1,12340,31117,0
2039,0,1,12342,31117,0
2040,0,1,12342,31119,0
2041,0,1,12344,31122,0
2042,0,1,12347,31122,0
2043,0,1,12347,31124,0
2044,0,1,12349,31124,0
2045,0,1,12351,31126,0
2046,0,1,12353,31126,0
2047,0,1,12355,31126,0
2048,0,1,12357,31126,0
2049,0,1,12359,31126,0
2050,0,1,12361,31128,0
2051,0,1,12364,31128,0
2052,0,1,12366,31128,0
2053,0,1,12368,31128,0
2054,0,1,12370,31128,0
2055,0,1,12372,31128,0
2056,0,1,12374,31128,0
2057,0,1,12376,31128,0
2058,0,1,12378,31128,0
2059,0,1,12381,31126,0
2060,0,1,12381,31124,0
2061,0,1,12383,31124,0
2062,0,1,12383,31122,0
2063,0,1,12385,31122,0
2064,0,1,12385,31119,0
2065,0,1,12385,31117,0
2066,0,1,12385,31115,0
2067,0,1,12385,31113,0
2068,0,1,12385,31111,0
2069,0,1,12385,31109,0
2070,0,1,12385,31107,0
2071,0,1,12385,31105,0
2072,0,1,12385,31102,0
2073,0,1,12383,31100,0
2074,0,1,12383,31098,0
2075,0,1,12381,31098,0
2076,0,1,12378,31096,0
2077,0,1,12376,31094,0
2078,0,1,12374,31092,0
2079,0,1,12372,31092,0
2080,0,1,12357,31083,0
2081,0,2,17979,34641,0
2082,0,2,17977,34642,0
2083,0,2,17975,34642,0
2084,0,2,17975,34644,0
2085,0,2,17973,34644,0
2086,0,2,17971,34646,0
2087,0,2,17969,34646,0
2088,0,2,17967,34648,0
2089,0,2,17965,34648,0
2090,0,2,17963,34650,0
2091,0,2,17961,34652,0
2092,0,2,17959,34654,0
2093,0,2,17957,34654,0
2094,0,2,17957,34656,0
2095,0,2,17956,34656,0
2096,0,2,17954,34658,0
2097,0,2,17954,34660,0
2098,0,2,17954,34662,0
2099,0,2,17950,34662,0
2100,0,2,17950,34664,0
2101,0,2,17950,34666,0
2102,0,2,17950,34669,0
2103,0,2,17950,34673,0
2104,0,2,17950,34675,0
2105,0,2,17948,34677,0
2106,0,2,17948,34679,0
2107,0,2,17948,34681,0
2108,0,2,17948,34683,0
2109,0,2,17948,34687,0
2110,0,2,17948,34689,0
2111,0,2,17948,34692,0
2112,0,2,17948,34694,0
2113,0,2,17948,34696,0
2114,0,2,17948,34698,0
2115,0,2,17948,34700,0
2116,0,2,17948,34702,0
2117,0,2,17948,34704,0
2118,0,2,17948,34706,0
2119,0,2,17948,34708,0
2120,0,2,17948,34710,0
2121,0,2,17948,34712,0
2122,0,2,17948,34714,0
2123,0,2,17948,34716,0
2124,0,2,17950,34717,0
2125,0,2,17952,34717,0
2126,0,2,17952,34719,0
2127,0,2,17954,34721,0
2128,0,2,17954,34723,0
2129,0,2,17956,34725,0
2130,0,2,17957,34727,0
2131,0,2,17959,34727,0
2132,0,2,17959,34729,0
2133,0,2,17963,34729,0
2134,0,2,17963,34731,0
2135,0,2,17965,34731,0
2136,0,2,17967,34731,0
2137,0,2,17969,34731,0
2138,0,2,17971,34731,0
2139,0,2,17973,34731,0
2140,0,2,17975,34731,0
2141,0,2,17977,34727,0
2142,0,2,17979,34727,0
2143,0,2,17981,34723,0
2144,0,2,17984,34721,0
2145,0,2,17984,34719,0
2146,0,2,17986,34714,0
2147,0,2,17986,34712,0
2148,0,2,17988,34710,0
2149,0,2,17988,34706,0
2150,0,2,17990,34702,0
2151,0,2,17990,34700,0
2152,0,2,17990,34698,0
2153,0,2,17990,34694,0
2154,0,2,17992,34692,0
2155,0,2,17992,34687,0
2156,0,2,17992,34685,0
2157,0,2,17992,34683,0
2158,0,2,17992,34681,0
2159,0,2,17992,34679,0
2160,0,2,17992,34677,0
2161,0,2,17992,34675,0
2162,0,2,17992,34673,0
2163,0,2,17992,34669,0
2164,0,2,17992,34667,0
2165,0,2,17992,34666,0
2166,0,2,17992,34664,0
2167,0,2,17992,34662,0
2168,0,2,17992,34660,0
2169,0,2,17992,34658,0
2170,0,2,17992,34656,0
2171,0,2,17992,34654,0
2172,0,2,17979,34641,0
2173,1,0,16535.446920,35004.092610,0
2174,1,0,13810.550088,30183.121290,0
2175,1,1,18072.568211,34771.195444,0
2176,1,1,17746.512179,29903.644692,0
2177,1,2,19213.764320,34608.167429,0
2178,1,2,22404.455483,34142.373098,0
2179,1,3,18235.596226,35283.569208,0
2180,1,3,23242.885278,38637.288387,0
2181,1,4,17047.820684,36215.157869,0
2182,1,4,23359.333860,40430.596559,0
2183,1,5,15021.615347,38660.578103,0
2184,1,5,23149.726412,38474.260371,0
2185,1,6,18515.072824,40360.727409,0
2186,1,6,22870.249813,36401.475601,0
2187,1,7,20354.848367,40454.438357,0
2188,1,7,23382.511514,40547.597224,0
2189,1,8,17258.129188,34864.298279,0
2190,1,8,15814.166764,29833.719511,0
2191,1,9,18585.643030,34631.401114,0
2192,1,9,20192.633469,30811.887605,0
